<beans xmlns="http://www.springframework.org/schema/beans"
    xmlns:xsi="http://www.w3.org/2001/XMLSchema-instance" xmlns:context="http://www.springframework.org/schema/context"
    xmlns:mvc="http://www.springframework.org/schema/mvc"
    xsi:schemaLocation="http://www.springframework.org/schema/beans http://www.springframework.org/schema/beans/spring-beans.xsd
    http://www.springframework.org/schema/context http://www.springframework.org/schema/context/spring-context.xsd
    http://www.springframework.org/schema/mvc http://www.springframework.org/schema/mvc/spring-mvc.xsd">
 

    <context:component-scan base-package="com.assess" />
 
   
    
<bean id="dataSource" class="org.springframework.jdbc.datasource.DriverManagerDataSource">
              <property name="driverClassName" value="org.apache.derby.jdbc.ClientDriver" />
              <property name="url" value="jdbc:derby://172.24.19.24:1527/DictionaryDB;create=true" />
              <property name="username" value="Janani" />
              <property name="password" value="jananidb" />
       </bean>
    
     <mvc:annotation-driven />
     <mvc:default-servlet-handler/>
 	
 
</beans>